KZ Index,sa_finance1_cocode,sa_company_name,Ownership,NSE symbol
0.587020254,11,20 MICRONS LTD.,Private (Indian),20MICRONS
-5.101257754,3335,A V T NATURAL PRODUCTS LTD.,A.V. Thomas Group,AVTNPL
0.910862691,3990,AARTI DRUGS LTD.,Alchemie Group,AARTIDRUGS
0.313904369,3998,AARTI INDUSTRIES LTD.,Alchemie Group,AARTIIND
-0.161503078,4671,RADICO KHAITAN LTD.,Radico (Gajanan Khaitan) Group,RADICO
-0.521415402,4709,TRIDENT LTD.,Trident Group,TRIDENT
-2.832510892,5747,ADANI ENTERPRISES LTD.,Adani Group,ADANIENT
-0.906862033,6819,ADVANCED ENZYME TECHNOLOGIES LTD.,Private (Indian),ADVENZYMES
-2.1691998,6916,ADVANI HOTELS & RESORTS (INDIA) LTD.,Advani Hotels (Ramada) Group,ADVANIHOTR
-0.282826867,7068,AEGIS LOGISTICS LTD.,Private (Foreign),AEGISCHEM
-1.723900641,8312,AHLUWALIA CONTRACTS (INDIA) LTD.,Private (Indian),AHLUCONT
-0.781342589,9793,AKSH OPTIFIBRE LTD.,Private (Indian),AKSHOPTFBR
-0.722991401,10872,ALKALI METALS LTD.,Private (Indian),ALKALI
-4.665574483,10884,ALKEM LABORATORIES LTD.,Private (Indian),ALKEM
-0.343733892,10903,ALKYL AMINES CHEMICALS LTD.,Alkyl Amines Group,ALKYLAMINE
-5.387731085,11063,ALLCARGO LOGISTICS LTD.,Private (Indian),ALLCARGO
-3.834988007,11853,ALPHAGEO (INDIA) LTD.,Private (Indian),ALPHAGEO
0.697088149,12577,AMARJOTHI SPINNING MILLS LTD.,Private (Indian),AMARJOTHI
-1.355549521,14464,VIPUL LTD.,Private (Indian),VIPULLTD
-1.398594752,15303,ANDHRA SUGARS LTD.,Andhra Sugar Group,ANDHRSUGAR
-0.332807469,15321,ANDREW YULE & CO. LTD.,Central Government - Takenover Enterprises,ANDREWYULE
1.071978519,16635,SHIVA TEXYARN LTD.,Bannari Amman Group,SHIVATEX
-2.850189833,17728,APAR INDUSTRIES LTD.,Apar Group,APARINDS
-6.24043832,17809,APCOTEX INDUSTRIES LTD.,Asian Paints Group,APCOTEXIND
0.975113789,18102,APOLLO HOSPITALS ENTERPRISE LTD.,Apollo Hospitals Group,APOLLOHOSP
-0.156703492,18151,APOLLO TYRES LTD.,Raunaq Singh Group,APOLLOTYRE
-23.77102373,19915,ARMAN FINANCIAL SERVICES LTD.,Private (Indian),ARMANFIN
0.071343918,21042,ARVIND LTD.,Lalbhai Group,ARVIND
1.32964561,21283,ASAHI INDIA GLASS LTD.,Private (Indian),ASAHIINDIA
-0.556370618,21290,ASAHI SONGWON COLORS LTD.,Private (Indian),ASAHISONG
-3.935009358,21663,ASHIANA HOUSING LTD.,Private (Indian),ASHIANA
-6.84770484,22104,ASHOK LEYLAND LTD.,Hinduja (Ashok Leyland) Group,ASHOKLEY
-11.9094678,22859,ASIAN PAINTS LTD.,Asian Paints Group,ASIANPAINT
-1.432789927,23150,ASPINWALL & CO. LTD.,Aspinwall Group,ASPINWALL
-0.413527899,23320,ASSOCIATED ALCOHOLS & BREWERIES LTD.,Private (Indian),ASALCBR
0.717919225,23482,A S I INDUSTRIES LTD.,Private (Indian),ASOCSTONE
-1.782615716,23668,ASTRA MICROWAVE PRODUCTS LTD.,Private (Indian),ASTRAMICRO
1.51917495,23696,ASTRAL POLY TECHNIK LTD.,Private (Indian),ASTRAL
0.400482896,27798,B S L LTD.,LNJ Bhilwara Group,BSL
-4.376665137,28920,BAJAJ ELECTRICALS LTD.,Bajaj Group,BAJAJELEC
-0.117716114,28981,FORCE MOTORS LTD.,Firodia Group,FORCEMOT
-0.546974481,29203,BAL PHARMA LTD.,Private (Indian),BALPHARMA
-0.739351163,29258,BALAJI AMINES LTD.,Private (Indian),BALAMINES
-1.70164679,29657,BALKRISHNA INDUSTRIES LTD.,Siyaram Poddar Group,BALKRISIND
-11.3172288,29703,BALMER LAWRIE & CO. LTD.,Central Govt. - Commercial Enterprises,BALMLAWRIE
-1.198153875,29728,BALRAMPUR CHINI MILLS LTD.,Private (Indian),BALRAMCHIN
1.030545887,30228,BANNARI AMMAN SPG. MILLS LTD.,Bannari Amman Group,BASML
0.328884223,30230,BANNARI AMMAN SUGARS LTD.,Bannari Amman Group,BANARISUG
0.848777962,30442,BANSWARA SYNTEX LTD.,Banswara Group,BANSWRAS
0.570797002,33477,BHANDARI HOSIERY EXPORTS LTD.,Private (Indian),BHANDARI
-14.17315095,33721,BHARAT DYNAMICS LTD.,Central Govt. - Commercial Enterprises,BDL
-13.5938978,33727,BHARAT ELECTRONICS LTD.,Central Govt. - Commercial Enterprises,BEL
-2.937721524,33750,BHARAT FORGE LTD.,Kalyani (Bharat Forge) Group,BHARATFORG
-9.194095108,33769,BHARAT HEAVY ELECTRICALS LTD.,Central Govt. - Commercial Enterprises,BHEL
-2.279904953,33873,BHARAT PETROLEUM CORPN. LTD.,Central Govt. - Commercial Enterprises,BPCL
0.092188531,33901,BHARAT RASAYAN LTD.,Private (Indian),BHARATRAS
-0.417125656,34162,BHARTI AIRTEL LTD.,Bharti Telecom Group,BHARTIARTL
-0.627642336,34213,BHARTIYA INTERNATIONAL LTD.,Private (Indian),BIL
-0.947511656,35548,A P L APOLLO TUBES LTD.,Private (Indian),APLAPOLLO
0.668595351,36303,BIRLA CORPORATION LTD.,Birla M.P. Group,BIRLACORPN
-2.108172263,36309,BIRLA CABLE LTD.,Birla M.P. Group,BIRLACABLE
-5.773460565,36711,BLISS G V S PHARMA LTD.,Private (Indian),BLISSGVS
-5.79449121,36937,BLUE DART EXPRESS LTD.,Deutsche Post DHL (F) Group,BLUEDART
2.029922626,37410,BOMBAY BURMAH TRDG. CORPN. LTD.,Wadia (Bombay Dyeing) Group,BBTC
-0.046427178,37451,BOMBAY DYEING & MFG. CO. LTD.,Wadia (Bombay Dyeing) Group,BOMDYEING
-45.57658698,38518,BRIGADE ENTERPRISES LTD.,Private (Indian),BRIGADE
-0.730523592,38537,BRIGHT BROTHERS LTD.,Private (Indian),BRIGHTBROS
-9.799743706,38924,BRITANNIA INDUSTRIES LTD.,Wadia (Bombay Dyeing) Group,BRITANNIA
0.600297477,40112,C E S C LTD.,RPG Enterprises Group,CESC
-0.066753524,40497,C M I LTD.,Private (Indian),CMICABLES
-0.311493961,41136,CENTUM ELECTRONICS LTD.,Private (Indian),CENTUM
-4.867331333,41246,CADILA HEALTHCARE LTD.,Zydus Cadila Group,CADILAHC
-6.368598774,41261,CADSYS (INDIA) LTD.,Private (Indian),CADSYS
-0.238366219,41793,ORIENTAL AROMATICS LTD.,Private (Indian),OAL
-39.38679307,42219,CAPITAL TRUST LTD.,Capital Trust Group,CAPTRUST
-83.96412782,42684,ZYDUS WELLNESS LTD.,Zydus Cadila Group,ZYDUSWELL
0.315190215,43155,CEAT LTD.,RPG Enterprises Group,CEATLTD
-0.618344997,43729,CENTURY PLYBOARDS (INDIA) LTD.,CenturyPly Group,CENTURYPLY
-0.024459807,43750,CENTURY TEXTILES & INDS. LTD.,Birla B.K. Group,CENTURYTEX
-1.727556626,44220,CHAMBAL FERTILISERS & CHEMICALS LTD.,Birla K.K. Group,CHAMBLFERT
-2.529469262,44390,EBIXCASH WORLD MONEY INDIA LTD.,Weizmann Group,EBIXFOREX
-2.383758188,49856,COMPUAGE INFOCOM LTD.,Private (Indian),COMPINFO
-1.57294219,49862,COMPUCOM SOFTWARE LTD.,Compucom Group,COMPUSOFT
-11.43169274,50692,C C L PRODUCTS (INDIA) LTD.,Private (Indian),CCL
0.909017293,51546,COSMO FILMS LTD.,Cosmo Group,COSMOFILMS
-2.127135955,53473,D C M SHRIRAM LTD.,DCM Group,DCMSHRIRAM
-0.431643483,53478,D C M SHRIRAM INDS. LTD.,DCM Group,DCMSRMIND
0.436079908,53655,D F M FOODS LTD.,Delhi Flour Mills Group,DFMFOODS
0.38394775,53685,WINDSOR MACHINES LTD.,Piramal Dilip Group,WINDMACHIN
-19.81034869,53993,D L F LTD.,DLF Group,DLF
-51.80966165,54885,DABUR INDIA LTD.,Dabur Group,DABUR
0.330901821,55598,DAMODAR INDUSTRIES LTD.,Private (Indian),DAMODARIND
0.039186989,56857,DECCAN CEMENTS LTD.,DCL Group,DECCANCE
0.217746774,57235,DEEP INDUSTRIES LTD.,Private (Indian),DEEPIND
-2.057209579,57378,DEEPAK FERTILISERS & PETROCHEMICALS CORPN. LTD.,Mehta C.K. Group,DEEPAKFERT
-0.467161938,57447,DEEPAK NITRITE LTD.,Mehta C.K. Group,DEEPAKNTR
-2.416946488,58843,DEV INFORMATION TECHNOLOGY LTD.,Private (Indian),DEVIT
-0.136835544,58975,CONFIDENCE PETROLEUM INDIA LTD.,Private (Indian),CONFIPET
0.216364463,59540,DHAMPUR SUGAR MILLS LTD.,Dhampur Sugar Mills Group,DHAMPURSUG
-3.494143195,59736,LUMAX AUTO TECHNOLOGIES LTD.,Lumax Group,LUMAXTECH
-1.056380213,60076,DHARAMSI MORARJI CHEMICAL CO. LTD.,R.M. Gokuldas Group,DHARAMORAR
-0.093986548,60604,DHUNSERI TEA & INDS. LTD.,Dhanuka S.L./C.K. Group,DTIL
-0.737092153,61622,BODAL CHEMICALS LTD.,Private (Indian),BODALCHEM
0.686159428,61857,INDIA POWER CORPN. LTD.,Private (Indian),DPSCLTD
-0.039523335,62192,DIXON TECHNOLOGIES (INDIA) LTD.,Private (Indian),DIXON
-0.484884039,62538,DONEAR INDUSTRIES LTD.,Private (Indian),DONEAR
-3.985228529,62987,DR. REDDY'S LABORATORIES LTD.,Dr. Reddy's Group,DRREDDY
1.322641273,64150,DYNAMATIC TECHNOLOGIES LTD.,Private (Indian),DYNAMATECH
-2.037548567,64345,DYNEMIC PRODUCTS LTD.,Private (Indian),DYNPRO
-2.110424135,64529,E I D-PARRY (INDIA) LTD.,Murugappa Chettiar Group,EIDPARRY
0.169312721,64535,E I H LTD.,Oberoi M.S. Group,EIHOTEL
0.650441248,66728,ELECTROSTEEL CASTINGS LTD.,Lanco Group,ELECTCAST
0.534963311,67798,EMMBI INDUSTRIES LTD.,Private (Indian),EMMBI
-1.801098985,68201,ENERGY DEVELOPMENT CO. LTD.,Private (Indian),ENERGYDEV
-0.54805902,69140,ESCORTS LTD.,Escorts Group,ESCORTS
-2.859947857,69565,ESSEL PROPACK LTD.,Essel Group,ESSELPACK
-0.683969505,69905,EVEREST INDUSTRIES LTD.,Gujarat Ambuja Cement Group,EVERESTIND
-55.12520119,70115,ALANKIT LTD.,Private (Indian),ALANKIT
0.429794921,70319,MCLEOD RUSSEL INDIA LTD.,Williamson Magor Group,MCLEODRUSS
0.57650476,70321,EVEREADY INDUSTRIES (INDIA) LTD.,Williamson Magor Group,EVEREADY
-0.628473471,72979,FIEM INDUSTRIES LTD.,Private (Indian),FIEMIND
0.87884648,73840,UFLEX LTD.,Flex Group,UFLEX
-0.509309291,74386,FORBES & CO. LTD.,Shapoorji Pallonji Group,FORBESGOK
-0.564596396,76780,G N A AXLES LTD.,Private (Indian),GNA
-5.119765532,78091,GALAXY SURFACTANTS LTD.,Private (Indian),GALAXYSURF
-0.348762215,78554,GANESH HOUSING CORPN. LTD.,Private (Indian),GANESHHOUC
0.185375992,78586,GANESHA ECOSPHERE LTD.,Private (Indian),GANECOS
0.327125467,79484,GARWARE POLYESTER LTD.,Garware Group,GARWARPOLY
-1.52272812,79494,GARWARE TECHNICAL FIBRES LTD.,Garware Group,GARFIBRES
-6.405903886,79550,GATEWAY DISTRIPARKS LTD.,Private (Indian),GDL
-0.543231189,79600,GATI LTD.,TCI-Bhoruka Group,GATI
-1.140887792,80856,GENESYS INTERNATIONAL CORPN. LTD.,Private (Foreign),GENESYS
-3.680412881,80995,GENUS POWER INFRASTRUCTURES LTD.,Private (Indian),GENUSPOWER
-1.63209314,82197,GLENMARK PHARMACEUTICALS LTD.,Glenmark Pharmaceuticals Group,GLENMARK
-4.141082679,83010,GODREJ AGROVET LTD.,Godrej Group,GODREJAGRO
-0.021848545,83018,GODREJ INDUSTRIES LTD.,Godrej Group,GODREJIND
-1.019255974,84275,GOODRICKE GROUP LTD.,Goodricke (F) Group,GOODRICKE
-0.865057051,85379,GRANULES INDIA LTD.,Private (Indian),GRANULES
-5.548997936,85402,DOLLAR INDUSTRIES LTD.,Private (Indian),DOLLAR
-1.496922314,85447,GRASIM INDUSTRIES LTD.,Birla Aditya Group,GRASIM
0.333875745,85979,GREENPLY INDUSTRIES LTD.,Private (Indian),GREENPLY
-0.044146156,86222,GROB TEA CO. LTD.,Private (Indian),GROBTEA
-0.979246539,86534,GUFIC BIOSCIENCES LTD.,Private (Indian),GUFICBIO
-0.54552588,86597,ADANI PORTS & SPECIAL ECONOMIC ZONE LTD.,Adani Group,ADANIPORTS
-0.684950705,86604,GUJARAT ALKALIES & CHEMICALS LTD.,State Govt. - Commercial Enterprises,GUJALKALI
-0.250046379,86609,GUJARAT AMBUJA EXPORTS LTD.,Gujarat Ambuja Proteins Group,GAEL
-2.318517775,86677,MUNJAL AUTO INDS. LTD.,Hero (Munjals) Group,MUNJALAU
-0.538835223,86708,G F L LTD.,Inox Group,GFLLIMITED
0.385960663,86729,G H C L LTD.,Dalmia Group,GHCL
0.093776291,86750,GUJARAT INDUSTRIES POWER CO. LTD.,State Govt. - Commercial Enterprises,GIPCL
0.324063827,86875,G R P LTD.,Private (Indian),GRPLTD
-3.36635587,86891,SETCO AUTOMOTIVE LTD.,Private (Indian),SETCO
-1.471850374,86913,GUJARAT STATE FERTILIZERS & CHEMICALS LTD.,State Govt. - Commercial Enterprises,GSFC
1.560272455,87169,EMAMI PAPER MILLS LTD.,Emami Group,EMAMIPAP
0.236077931,87207,GULSHAN POLYOLS LTD.,Private (Indian),GULPOLY
-0.583891542,88153,H B L POWER SYSTEMS LTD.,Private (Indian),HBLPOWER
-15.2095032,88258,H C L TECHNOLOGIES LTD.,HCL Group,HCLTECH
0.642979911,88524,FAIRCHEM SPECIALITY LTD.,Private (Indian),FAIRCHEM
0.501616541,91480,HATSUN AGRO PRODUCTS LTD.,Private (Indian),HATSUN
-75.84461265,91566,HAWKINS COOKERS LTD.,Private (Indian),HAWKINCOOK
0.11440108,92486,HERITAGE FOODS LTD.,Private (Indian),HERITGFOOD
-4.829759702,92629,HESTER BIOSCIENCES LTD.,Private (Indian),HESTERBIO
-0.537785098,92871,HI-TECH GEARS LTD.,Kapuria (Hi-Tech) Group,HITECHGEAR
0.56484761,92893,HI-TECH PIPES LTD.,Private (Indian),HITECH
0.648437081,92894,HITECH CORPORATION LTD.,Asian Paints Group,HITECHCORP
0.135340946,93259,HIKAL LTD.,Kalyani (Bharat Forge) Group,HIKAL
0.587437601,93511,HIMADRI SPECIALITY CHEMICAL LTD.,Himadri Group,HSCL
0.807028175,93698,HIMATSINGKA SEIDE LTD.,Private (Indian),HIMATSEIDE
0.629446653,93902,HINDALCO INDUSTRIES LTD.,Birla Aditya Group,HINDALCO
-4.165743557,93954,HINDUSTAN AERONAUTICS LTD.,Central Govt. - Commercial Enterprises,HAL
-0.457186619,93994,HINDUSTAN COMPOSITES LTD.,Raghu Mody Group [Rasoi Group],HINDCOMPOS
-0.703947275,94103,HINDUSTAN PETROLEUM CORPN. LTD.,Central Govt. - Commercial Enterprises,HINDPETRO
0.368564513,94131,H S I L LTD.,Somany Enterprises Group,HSIL
-0.291890969,94469,HISAR METAL INDS. LTD.,Private (Indian),HISARMETAL
-0.467930599,95994,H I L LTD.,Birla C.K. Group,HIL
-0.776605687,96611,I G PETROCHEMICALS LTD.,Private (Indian),IGPL
0.543481172,96761,I M P POWERS LTD.,Private (Indian),INDLMETER
1.305238608,98379,INDIA CEMENTS LTD.,India Cement Group,INDIACEM
0.87809109,98445,INDIA GLYCOLS LTD.,Jubilant Bhartia Group,INDIAGLYCO
0.826415484,98827,INDIAN HOTELS CO. LTD.,Tata Group,INDHOTEL
-10.42551218,98828,INDIAN HUME PIPE CO. LTD.,Gulabchand Doshi Group,INDIANHUME
-0.607289366,98889,INDIAN METALS & FERRO ALLOYS LTD.,IMFA Group,IMFA
-2.633680953,98907,INDIAN OIL CORPN. LTD.,Central Govt. - Commercial Enterprises,IOC
-0.321644835,99308,INDO COUNT INDS. LTD.,Private (Indian),ICIL
0.342918876,99667,INDOCO REMEDIES LTD.,Indoco (Suresh Kare) Group,INDOCO
-1.353787951,99911,INDRAPRASTHA MEDICAL CORPN. LTD.,Apollo Hospitals Group,INDRAMEDCO
-0.719062002,101113,INSECTICIDES (INDIA) LTD.,Private (Indian),INSECTICID
-1.181177276,102548,ION EXCHANGE (INDIA) LTD.,Private (Indian),IONEXCHANG
0.721020474,102576,IPCA LABORATORIES LTD.,Ipca Laboratories Group,IPCALAB
0.002648873,102952,BALASORE ALLOYS LTD.,Ispat (Mittals) Group,ISPATALLOY
-0.603175197,103305,J B M AUTO LTD.,J B M Group,JBMA
1.852944644,103848,J K LAKSHMI CEMENT LTD.,Hari Shankar Singhania Group,JKLAKSHMI
0.520706192,103853,UMANG DAIRIES LTD.,Hari Shankar Singhania Group,UMANGDAIRY
1.017610132,103877,J K TYRE & INDS. LTD.,Hari Shankar Singhania Group,JKTYRE
0.532653686,103937,J K PAPER LTD.,Hari Shankar Singhania Group,JKPAPER
-0.544391081,104004,J KUMAR INFRAPROJECTS LTD.,Private (Indian),JKIL
-0.144221133,104087,J M C PROJECTS (INDIA) LTD.,Kalpataru Group,JMCPROJECT
-8.685493605,105523,JAGRAN PRAKASHAN LTD.,Jagran Group,JAGRAN
-0.348259816,105711,JAI CORP LTD.,Jai Corp Group,JAICORPLTD
-0.082399684,106263,JAIN IRRIGATION SYSTEMS LTD.,Jain Pipe Group,JISLJALEQS
-0.746627966,107690,JASH ENGINEERING LTD.,Private (Indian),JASH
1.243821186,108072,JAY BHARAT MARUTI LTD.,J B M Group,JAYBARMARU
0.916623844,108225,JAY SHREE TEA & INDS. LTD.,Birla B.K. Group,JAYSREETEA
-0.734090632,108391,JAYANT AGRO-ORGANICS LTD.,Private (Indian),JAYAGROGN
0.93985717,109832,JINDAL POLY FILMS LTD.,Jindal B.C. Group,JINDALPOLY
1.152435589,109874,J S W STEEL LTD.,Om Prakash Jindal Group,JSWSTEEL
0.983576946,109878,JINDAL WORLDWIDE LTD.,Jindal (Ahmedabad) Group,JINDWORLD
0.290388393,110698,JUBILANT LIFE SCIENCES LTD.,Jubilant Bhartia Group,JUBILANT
-2.852036713,111105,JYOTHY LABS LTD.,Private (Indian),JYOTHYLAB
1.123678406,111614,K C P LTD.,KCP Group,KCP
-0.924280176,111615,K C P SUGAR & INDS. CORPN. LTD.,KCP Group,KCPSUGIND
0.704469224,111821,K G DENIM LTD.,K.G. Group,KGDENIM
-0.731506731,112667,K N R CONSTRUCTIONS LTD.,Private (Indian),KNRCON
0.226622107,112804,K P R MILL LTD.,KPR Group,KPRMILL
-2.010822555,112888,K R B L LTD.,Private (Indian),KRBL
-29.00473486,113137,K S E LTD.,Private (Indian),KSE
-1.366220403,114150,KAJARIA CERAMICS LTD.,Kajaria Ceramics Group,KAJARIACER
-1.426835695,114212,KAKATIYA CEMENT SUGAR & INDS. LTD.,NCL Group,KAKATCEM
-3.036110044,114749,KALPATARU POWER TRANSMISSION LTD.,Kalpataru Group,KALPATPOWR
-1.180144796,115446,KAMDHENU LTD.,Kamdhenu (Pradeep Agarwal) Group,KAMDHENU
-0.729329224,115512,K D D L LTD.,Private (Indian),KDDL
-0.103625896,116275,KANORIA CHEMICALS & INDS. LTD.,Kanoria Group,KANORICHEM
-0.178581517,118894,KEI INDUSTRIES LTD.,Private (Indian),KEI
-0.240903184,119221,NITTA GELATIN INDIA LTD.,Private (Indian),KERALACHEM
0.901714827,119709,VISHNU CHEMICALS LTD.,Private (Indian),VISHNU
-0.768284231,120663,KILBURN ENGINEERING LTD.,Williamson Magor Group,KILBUNENGG
-14.82548933,120889,OBEROI REALTY LTD.,Oberoi M.S. Group,OBEROIRLTY
-3.365164401,121140,KIRLOSKAR BROTHERS LTD.,Kirloskar Group,KIRLOSBROS
-1.726117203,121150,KIRLOSKAR FERROUS INDS. LTD.,Kirloskar Group,KIRLFER
-1.200993206,121506,KITEX GARMENTS LTD.,Private (Indian),KITEX
-1.387314822,122625,BYKE HOSPITALITY LTD.,Private (Indian),BYKE
-1.716029736,122732,KOTHARI PETROCHEMICALS LTD.,Kothari H.C./Bhadrashyam Group,KOTHARIPET
-14.55280201,122766,KOTHARI PRODUCTS LTD.,Kothari Products Group,KOTHARIPRO
1.661755724,122888,KOVAI MEDICAL CENTER & HOSPITAL LTD.,Private (Indian),KOVAI
0.469448868,123651,KRITI INDUSTRIES (INDIA) LTD.,Private (Indian),KRITIIND
1.336349073,125123,ULTRATECH CEMENT LTD.,Birla Aditya Group,ULTRACEMCO
-1.304749972,125272,L G BALAKRISHNAN & BROS. LTD.,Elgi Group,LGBBROSLTD
-0.951555965,125758,L T FOODS LTD.,Private (Indian),DAAWAT
0.569593817,126400,LAKSHMI MILLS CO. LTD.,Lakshmi Group [Naidu G.V.],LAKSHMIMIL
0.287290589,126781,LAMBODHARA TEXTILES LTD.,Private (Indian),LAMBODHARA
-0.997850742,126871,SRIKALAHASTHI PIPES LTD.,Lanco Group,SRIPIPES
-15.48212438,127106,LARSEN & TOUBRO LTD.,Larsen & Toubro Group,LT
-0.573185327,128783,LINC PEN & PLASTICS LTD.,Private (Indian),LINCPEN
-1.69420421,128795,LINCOLN PHARMACEUTICALS LTD.,Private (Indian),LINCOLN
-1.270336115,130248,LUMAX INDUSTRIES LTD.,Lumax Group,LUMAXIND
-3.871226902,130382,LUPIN LTD.,Lupin Group,LUPIN
-0.938413553,130459,LUX INDUSTRIES LTD.,Private (Indian),LUXIND
-0.470273419,132027,M M FORGINGS LTD.,Private (Indian),MMFL
-0.170306736,132572,M R F LTD.,MRF Group,MRF
-0.167807467,133937,MADHAV MARBLES & GRANITES LTD.,Private (Indian),MADHAV
0.630572996,134435,RAMCO CEMENTS LTD.,Ramco Group [Madras Cements],RAMCOCEM
-0.792321559,135716,MAHARASHTRA SEAMLESS LTD.,D P Jindal Group,MAHSEAMLES
-0.811765595,135967,VARDHMAN TEXTILES LTD.,Vardhman Group,VTL
-6.904671275,136444,MAHINDRA & MAHINDRA LTD.,Mahindra & Mahindra Group,M&M
-5.281701482,136636,MAITHAN ALLOYS LTD.,Private (Indian),MAITHANALL
-0.579758645,137688,MAN INDUSTRIES (INDIA) LTD.,Man Group,MANINDS
1.701971886,138278,MANGALAM CEMENT LTD.,Birla B.K. Group,MANGLMCEM
-0.20854682,138378,MANGALORE CHEMICALS & FERTILIZERS LTD.,Birla K.K. Group,MANGCHEFER
-0.471206363,138385,MANGALORE REFINERY & PETROCHEMICALS LTD.,Central Govt. - Commercial Enterprises,MRPL
-6.700255225,142382,MAYUR UNIQUOTERS LTD.,Private (Indian),MAYURUNIQ
-6.162914624,142464,MAZDA LTD.,Private (Indian),MAZDA
-1.910284002,143561,MEGHMANI ORGANICS LTD.,Meghmani group,MEGH
-6.795076353,144194,MENON BEARINGS LTD.,Menon (Kolhapur) Group,MENONBE
-1.489822194,146438,MINDA CORPORATION LTD.,Minda S.L. Group,MINDACORP
-2.378329285,146439,MINDA INDUSTRIES LTD.,Minda S.L. Group,MINDAIND
-0.867748547,146833,MIRZA INTERNATIONAL LTD.,Mirza Tanners Group,MIRZAINT
-7.936938551,146859,MISHRA DHATU NIGAM LTD.,Central Govt. - Commercial Enterprises,MIDHANI
-11.23524774,149616,MOTHERSON SUMI SYSTEMS LTD.,Samvardhana Motherson Group,MOTHERSUMI
0.834272904,151756,N C L INDUSTRIES LTD.,NCL Group,NCLIND
1.277850706,152640,N R AGARWAL INDS. LTD.,Private (Indian),NRAIL
-1.534540964,152643,N R B BEARINGS LTD.,Private (Indian),NRBBEARING
0.019784136,153357,N A C L INDUSTRIES LTD.,Nagarjuna Group,NACLIND
-3.607773201,153366,N C C LTD.,Nagarjuna Group,NCC
0.241852932,153642,NAHAR SPINNING MILLS LTD.,Nahar Group,NAHARSPING
0.884901413,154314,NANDAN DENIM LTD.,Private (Indian),NDL
-0.301259957,155581,NATIONAL FERTILIZERS LTD.,Central Govt. - Commercial Enterprises,NFL
-0.697963216,155600,N H P C LTD.,Central Govt. - Commercial Enterprises,NHPC
-8.392524508,155641,NATIONAL PEROXIDE LTD.,Wadia (Bombay Dyeing) Group,NATPEROXID
0.308348411,155695,N T P C LTD.,Central Govt. - Commercial Enterprises,NTPC
-0.780302114,155990,NAVA BHARAT VENTURES LTD.,Nava Bharat Group,NBVENTURES
-9.711844276,156454,NAVNEET EDUCATION LTD.,Private (Indian),NAVNETEDUL
-0.523014842,157436,NELCAST LTD.,Private (Indian),NELCAST
-9.85369106,158780,NEWGEN SOFTWARE TECHNOLOGIES LTD.,Private (Indian),NEWGEN
-1.17289933,158982,N L C INDIA LTD.,Central Govt. - Commercial Enterprises,NLCINDIA
-12.70768687,159120,PIRAMAL ENTERPRISES LTD.,Piramal Ajay Group,PEL
-20.07137106,159636,NILA INFRASTRUCTURES LTD.,Private (Indian),NILAINFRA
-1.911111706,159783,NILKAMAL LTD.,Private (Indian),NILKAMAL
1.346627972,160920,NITIN SPINNERS LTD.,Private (Indian),NITINSPIN
-7.707954326,162229,SWELECT ENERGY SYSTEMS LTD.,Private (Indian),SWELECTES
-3.138210057,163226,OIL & NATURAL GAS CORPN. LTD.,Central Govt. - Commercial Enterprises,ONGC
0.903982971,163705,OMAXE LTD.,Omaxe group,OMAXE
-0.439370577,164740,ORIENT ABRASIVES LTD.,Rajgarhia Group,ORIENTABRA
1.819059387,164761,ORIENT CEMENT LTD.,Birla C.K. Group,ORIENTCEM
0.569281952,164762,ORIENT BELL LTD.,Private (Indian),ORIENTBELL
-0.34537476,164832,ORIENT PAPER & INDS. LTD.,Birla C.K. Group,ORIENTPPR
-0.097625657,164839,ORIENT PRESS LTD.,Private (Indian),ORIENTLTD
-0.772729389,164895,ORIENTAL CARBON & CHEMICALS LTD.,Goenka J.P. Group,OCCL
-0.123577532,164907,ORICON ENTERPRISES LTD.,Parijat Group,ORICONENT
-60.21632248,168589,PAGE INDUSTRIES LTD.,Private (Indian),PAGEIND
-14.49056481,169724,VIJI FINANCE LTD.,Private (Indian),VIJIFIN
-0.528768146,172398,PATEL INTEGRATED LOGISTICS LTD.,Patel Roadways Group,PATINTLOG
1.530284893,173558,SHRISTI INFRASTRUCTURE DEVP. CORPN. LTD.,Peerless Group,PEERABASAN
-0.325654762,173622,ALICON CASTALLOY LTD.,Private (Indian),ALICON
0.348840883,174348,PERIA KARAMALAI TEA & PRODUCE CO. LTD.,Bangur L.N. Group,PKTEA
-1.734238095,174924,PHILLIPS CARBON BLACK LTD.,RPG Enterprises Group,PHILIPCARB
-1.01859472,175018,PHOENIX MILLS LTD.,Private (Indian),PHOENIXLTD
-333.3443768,175908,MARATHON NEXTGEN REALTY LTD.,Marathon group,MARATHON
-0.915838244,176274,PLASTIBLENDS INDIA LTD.,Kolsite Group,PLASTIBLEN
0.701940724,176712,POKARNA LTD.,Private (Indian),POKARNA
-1.489414684,176861,POLY MEDICURE LTD.,Private (Indian),POLYMED
-17.39305689,176978,POLYPLEX CORPORATION LTD.,Private (Indian),POLYPLEX
-3.474324985,177066,PONDY OXIDES & CHEMICALS LTD.,Private (Indian),PONDYOXIDE
1.404291138,177758,POWER GRID CORPN. OF INDIA LTD.,Central Govt. - Commercial Enterprises,POWERGRID
-0.650198977,177768,POWER MECH PROJECTS LTD.,Private (Indian),POWERMECH
-218.4838718,177792,P T C INDIA LTD.,Central Govt. - Commercial Enterprises,PTC
-0.750136223,180325,P P A P AUTOMOTIVE LTD.,Private (Indian),PPAP
-5.269510748,180372,PRECISION WIRES INDIA LTD.,Private (Indian),PRECWIRE
-0.720904763,180736,PREMIER EXPLOSIVES LTD.,Private (Indian),PREMEXPLN
-0.865423696,180852,PREMIER POLYFILM LTD.,Private (Indian),PREMIERPOL
1.686469674,181972,PRISM JOHNSON LTD.,Raheja Rajan Group,PRSMJOHNSN
1.78353454,182249,P V R LTD.,Private (Indian),PVR
-48.08518294,184029,PURAVANKARA LTD.,Puravankara Group,PURVA
0.634712502,189508,MOHOTA INDUSTRIES LTD.,Private (Indian),MOHOTAIND
-1.360546156,189737,SARDA ENERGY & MINERALS LTD.,Private (Indian),SARDAEN
0.737325207,190319,RAJAPALAYAM MILLS LTD.,Ramco Group [Madras Cements],RAJPALAYAM
1.374102564,190511,R S W M LTD.,LNJ Bhilwara Group,RSWM
-5.606533005,192276,RALLIS INDIA LTD.,Tata Group,RALLIS
-2.590956484,192526,RAMA PHOSPHATES LTD.,Rama Group,RAMAPHOSP
0.221300336,192855,RAMCO INDUSTRIES LTD.,Ramco Group [Madras Cements],RAMCOIND
1.158952889,193189,RAMKRISHNA FORGINGS LTD.,Private (Indian),RKFORGE
-0.203536979,194371,RASHTRIYA CHEMICALS & FERTILIZERS LTD.,Central Govt. - Commercial Enterprises,RCF
-0.37517616,195517,RAYMOND LTD.,Raymond Group (Vijaypat Singhania),RAYMOND
-43.29799632,195939,REDINGTON (INDIA) LTD.,Private (Foreign),REDINGTON
-0.031466067,196452,RELAXO FOOTWEARS LTD.,Private (Indian),RELAXO
-0.111756255,196667,RELIANCE INDUSTRIES LTD.,Reliance Group [Mukesh Ambani],RELIANCE
-0.664040656,196933,REMSONS INDUSTRIES LTD.,Private (Indian),REMSONSIND
-0.34387391,197837,RICO AUTO INDS. LTD.,Rico Auto Inds. Group,RICOAUTO
-4.233531797,200352,ROYAL ORCHID HOTELS LTD.,Royal Orchid Group,ROHLTD
-0.3169974,200576,RUBY MILLS LTD.,Private (Indian),RUBYMILLS
-0.535581132,200693,RUCHIRA PAPERS LTD.,Private (Indian),RUCHIRA
-5.81434238,200979,RUPA & CO. LTD.,Private (Indian),RUPA
1.750539769,201184,RUSHIL DECOR LTD.,Private (Indian),RUSHIL
-21.27001471,202070,S CHAND & CO. LTD.,Private (Indian),SCHAND
-8.112376503,202623,S H KELKAR & CO. LTD.,Private (Indian),SHK
-0.495834888,203198,S K M EGG PRODUCTS EXPORT (INDIA) LTD.,Private (Indian),SKMEGGPROD
0.408508933,203974,S M S PHARMACEUTICALS LTD.,Private (Indian),SMSPHARMA
-0.537079818,204550,SOMANY CERAMICS LTD.,Somany Enterprises Group,SOMANYCERA
0.809011491,204866,S R F LTD.,Private (Indian),SRF
-0.607888741,206660,SADBHAV ENGINEERING LTD.,Private (Indian),SADBHAV
-1.746094097,206802,SAFARI INDUSTRIES (INDIA) LTD.,Private (Indian),SAFARI
0.649478864,207006,SAGAR CEMENTS LTD.,Priyadarshini Group,SAGCEM
-1.916518817,207224,G P PETROLEUMS LTD.,Private (Indian),GULFPETRO
-2.29633628,208586,SAKTHI FINANCE LTD.,Sakthi Group,SAKTHIFIN
-0.419256731,208835,SALONA COTSPIN LTD.,Private (Indian),SALONA
-0.476141632,208942,SALZER ELECTRONICS LTD.,Private (Indian),SALZERELEC
0.233782533,209219,SAMBANDAM SPINNING MILLS LTD.,Private (Indian),SAMBANDAM
-0.25411951,210290,SANDHAR TECHNOLOGIES LTD.,Private (Indian),SANDHAR
0.90830926,210445,SANGAM (INDIA) LTD.,Sangam (R.P.Soni) Group,SANGAMIND
-0.472167014,213109,SARLA PERFORMANCE FIBRES LTD.,Private (Indian),SARLAPOLY
0.500517296,213855,SATIA INDUSTRIES LTD.,Private (Indian),SATIA
-1.163289884,214742,SAVERA INDUSTRIES LTD.,Private (Indian),SAVERA
-1.203902733,214826,SAVITA OIL TECHNOLOGIES LTD.,Savita Chemicals Group,SOTL
0.417806616,214966,JINDAL SAW LTD.,Om Prakash Jindal Group,JINDALSAW
-6.485754635,215840,HINDUSTAN MEDIA VENTURES LTD.,Birla K.K. Group,HMVL
-5.333443295,216048,SECURITY & INTELLIGENCE SERVICES (I) LTD.,Private (Indian),SIS
-2.372490329,218070,SHAKTI PUMPS (INDIA) LTD.,Private (Indian),SHAKTIPUMP
-34.74897545,218112,ARIHANT SUPERSTRUCTURES LTD.,Private (Indian),ARIHANTSUP
-2.838934456,218656,SHANKARA BUILDING PRODUCTS LTD.,Private (Indian),SHANKARA
-1.058442063,219526,CREST VENTURES LTD.,Private (Indian),CREST
-0.028113254,221948,SHOPPERS STOP LTD.,Private (Indian),SHOPERSTOP
-0.718992682,222402,SHREE CEMENT LTD.,Bangur P.D./B.G. Group,SHREECEM
-63.47905903,223270,AJMERA REALTY & INFRA INDIA LTD.,Ajmera Group,AJMERA
-0.746973018,224302,SHREYANS INDUSTRIES LTD.,Shreyans Group,SHREYANIND
1.023307494,224351,SHREYAS SHIPPING & LOGISTICS LTD.,Private (Foreign),SHREYAS
-1.429443471,225438,SHRIRAM PISTONS & RINGS LTD.,Shriram Industrial Enterprises Group,SHRIPISTON
-0.447050264,227036,SIGNET INDUSTRIES LTD.,Private (Indian),SIGIND
-1.927244073,227451,SILVER TOUCH TECHNOLOGIES LTD.,Private (Indian),SILVERTUC
0.892866659,227709,SIMPLEX CASTINGS LTD.,Private (Indian),SIMPLEXCAS
0.150171129,227710,SIMPLEX INFRASTRUCTURES LTD.,Simplex (Mundhra) Group,SIMPLEXINF
-22.12022634,227990,SINGER INDIA LTD.,Private (Foreign),SINGER
0.711042078,228300,RESPONSIVE INDUSTRIES LTD.,Private (Indian),RESPONIND
1.655989349,228346,SINTEX INDUSTRIES LTD.,Bharat Vijay Mills Group,SINTEX
-1.142571128,228899,SIYARAM SILK MILLS LTD.,Siyaram Poddar Group,SIYSIL
-0.553043708,228935,I T D CEMENTATION INDIA LTD.,Private (Foreign),ITDCEM
-0.420118888,228995,SKIPPER LTD.,Private (Indian),SKIPPER
-10.31148151,229885,SOBHA LTD.,NRI,SOBHA
-2.963566562,230409,SOLAR INDUSTRIES INDIA LTD.,Private (Indian),SOLARINDS
-1.786511584,230628,SOM DISTILLERIES & BREWERIES LTD.,Private (Indian),SDBL
-0.578318558,230893,J T E K T INDIA LTD.,Sona Group,JTEKTINDIA
0.276222889,231691,SOUTH INDIA PAPER MILLS LTD.,Private (Indian),SIPAPER
1.339173807,235282,SEYA INDUSTRIES LTD.,Private (Indian),SEYAIND
0.942345694,236511,STEEL STRIPS WHEELS LTD.,Steel Strips Group,SSWL
-1.207017276,236905,STERLING TOOLS LTD.,Private (Indian),STERTOOLS
-2.597938488,236922,STERLITE TECHNOLOGIES LTD.,Vedanta Group,STRTECH
-2.041878981,237266,STRIDES PHARMA SCIENCE LTD.,Private (Indian),STAR
0.114332065,237919,SUBROS LTD.,Private (Indian),SUBROS
0.259325673,238067,SUDARSHAN CHEMICAL INDS. LTD.,Private (Indian),SUDARSCHEM
-0.47354508,238381,SUDITI INDUSTRIES LTD.,Private (Indian),SUDITIND
-3.549974943,239726,SUN PHARMACEUTICAL INDS. LTD.,Sun Pharmaceutical Group,SUNPHARMA
-2.697034849,240069,SUNDARAM-CLAYTON LTD.,T.V.S. Iyengar Group,SUNCLAYLTD
-2.798402331,240215,SUNDRAM FASTENERS LTD.,T.V.S. Iyengar Group,SUNDRMFAST
-0.385666953,240266,SUNFLAG IRON & STEEL CO. LTD.,Private (Foreign),SUNFLAG
0.119682046,241688,SUPERHOUSE LTD.,Private (Indian),SUPERHOUSE
-3.74427138,241914,SUPRAJIT ENGINEERING LTD.,Private (Indian),SUPRAJIT
-3.731056831,242022,SUPREME INDUSTRIES LTD.,Taparia Group,SUPREMEIND
0.38500143,243276,NECTAR LIFESCIENCES LTD.,Private (Indian),NECLIFE
0.346926987,243328,SURYA ROSHNI LTD.,Prakash (Surya Roshni) Group,SURYAROSNI
-3.113780446,243849,SUVEN LIFE SCIENCES LTD.,Private (Indian),SUVEN
-1.897901064,244387,SWAN ENERGY LTD.,Private (Indian),SWANENERGY
0.845903556,244495,S M L ISUZU LTD.,State and Private sector,SMLISUZU
-0.959702895,246040,T I L LTD.,Private (Indian),TIL
-2.001810106,246535,T T K HEALTHCARE LTD.,T.T.K. Group,TTKHLTCARE
-1.770047446,246615,T V S MOTOR CO. LTD.,T.V.S. Iyengar Group,TVSMOTOR
-1.684318771,246623,T V S SRICHAKRA LTD.,T.V.S. Iyengar Group,TVSSRICHAK
-1.065480957,246785,T P L PLASTECH LTD.,Private (Indian),TPLPLASTEH
-0.253921559,246955,TALBROS AUTOMOTIVE COMPONENTS LTD.,Talwar Brothers Group,TALBROAUTO
1.558783353,247160,TAMIL NADU NEWSPRINT & PAPERS LTD.,State Govt. - Commercial Enterprises,TNPL
-1.972542504,247501,G P T INFRAPROJECTS LTD.,Tantia Group,GPTINFRA
2.759735428,248057,TASTY BITE EATABLES LTD.,Private (Foreign),TASTYBITE
0.400242449,248136,TATA STEEL LTD.,Tata Group,TATASTEEL
-0.110130195,248154,TATA METALIKS LTD.,Tata Group,TATAMETALI
-0.667967523,248823,TECHNOFAB ENGINEERING LTD.,Private (Indian),TECHNOFAB
-3.429942731,249339,HINDUJA GLOBAL SOLUTIONS LTD.,Hinduja (Ashok Leyland) Group,HGS
-0.662715059,249890,TEXMACO RAIL & ENGG. LTD.,Birla K.K. Group,TEXRAIL
-2.24503162,250163,THANGAMAYIL JEWELLERY LTD.,Private (Indian),THANGAMAYL
-2.577926448,250287,THEJO ENGINEERING LTD.,Private (Indian),THEJO
-2.58553451,250620,THOMAS COOK (INDIA) LTD.,Private (Foreign),THOMASCOOK
-0.032223722,251109,TIME TECHNOPLAST LTD.,Private (Indian),TIMETECHNO
0.100125442,251860,TOKYO PLAST INTL. LTD.,Private (Indian),TOKYOPLAST
-3.361246913,252196,TORRENT PHARMACEUTICALS LTD.,Torrent Group,TORNTPHARM
-0.270265235,253023,TRANSPEK INDUSTRY LTD.,Excel Industries Group,TRANSPEK
0.140587316,253028,TRANSPORT CORPORATION OF INDIA LTD.,TCI-Bhoruka Group,TCI
-2.153745305,253375,TRENT LTD.,Tata Group,TRENT
-0.196248084,254532,TRIVENI ENGINEERING & INDS. LTD.,Triveni Group,TRIVENI
0.991094227,255472,T C P L PACKAGING LTD.,Private (Indian),TCPLPACK
-2.457304629,256224,UCAL FUEL SYSTEMS LTD.,Ucal Fuel Group,UCALFUEL
-74.47300461,257429,UNIPLY INDUSTRIES LTD.,Private (Indian),UNIPLY
-1.847833124,258271,UNIVERSAL CABLES LTD.,Birla M.P. Group,UNIVCABLES
-11.8807662,259546,V A TECH WABAG LTD.,Private (Foreign),WABAG
1.192486538,261277,VADILAL INDUSTRIES LTD.,Vadilal Group,VADILALIND
1.36450742,262775,VARROC ENGINEERING LTD.,Private (Indian),VARROC
0.827899175,262869,VARUN BEVERAGES LTD.,Private (Indian),VBL
-0.212297473,263285,ASIAN GRANITO INDIA LTD.,Private (Indian),ASIANTILES
-0.381858486,264457,VENKY'S (INDIA) LTD.,Venkateshwara Hatcheries [Venky] Group,VENKEYS
-1.508135807,265414,TATA COMMUNICATIONS LTD.,Tata Group,TATACOMM
-5.45438344,265453,VIDHI SPECIALTY FOOD INGREDIENTS LTD.,Private (Indian),VIDHIING
-0.873021533,266210,V R L LOGISTICS LTD.,Private (Indian),VRLLOG
-2.073553903,266490,VIKAS ECOTECH LTD.,Private (Indian),VIKASECO
-0.467805501,267028,VIMTA LABS LTD.,Private (Indian),VIMTALABS
-6.638267759,267357,VINDHYA TELELINKS LTD.,Birla M.P. Group,VINDHYATEL
-0.890237758,268462,VISAKA INDUSTRIES LTD.,Private (Indian),VISAKAIND
-3.632157425,270871,WATERBASE LTD.,Thapar Group,WATERBASE
-1.764911325,271211,WEIZMANN LTD.,Weizmann Group,WEIZMANIND
-54.922925,271345,B L S INTERNATIONAL SERVICES LTD.,Private (Indian),BLS
0.320816261,271515,WELSPUN INDIA LTD.,Welspun Group,WELSPUNIND
0.770943467,271523,WELSPUN CORP LTD.,Welspun Group,WELCORP
-0.729637459,271695,WEST COAST PAPER MILLS LTD.,Bangur Shreekumar Group,WSTCSTPAPR
-0.952667918,272084,WHEELS INDIA LTD.,T.V.S. Iyengar Group,WHEELS
-14.03557237,272724,WIPRO LTD.,WIPRO Group,WIPRO
-1.540811663,274688,YUKEN INDIA LTD.,Private (Foreign),YUKENINDIA
0.403832086,275155,ZEN TECHNOLOGIES LTD.,Private (Indian),ZENTEC
-34.30890297,275305,ZENSAR TECHNOLOGIES LTD.,RPG Enterprises Group,ZENSARTECH
-9.00749309,316063,FINE ORGANIC INDS. LTD.,Private (Indian),FINEORG
-300.2072353,318534,WELSPUN ENTERPRISES LTD.,Welspun Group,WELENT
0.660001177,320945,UNITED BREWERIES LTD.,UB Group,UBL
-192.3470569,322563,FIRSTSOURCE SOLUTIONS LTD.,RPG Enterprises Group,FSL
-16.20732182,324585,BODHTREE CONSULTING LTD.,Private (Indian),BODHTREE
0.83714686,337911,J K CEMENT LTD.,Gaur Hari Singhania Group,JKCEMENT
-5.681431327,347879,STAR CEMENT LTD.,CenturyPly Group,STARCEMENT
-3.72110055,348129,H T MEDIA LTD.,Birla K.K. Group,HTMEDIA
-1.895546425,351367,GRAVITA INDIA LTD.,Private (Indian),GRAVITA
-3.969132797,352048,AURIONPRO SOLUTIONS LTD.,Private (Indian),AURIONPRO
-3.093308672,352556,SONAM CLOCK LTD.,Private (Indian),SONAMCLOCK
-0.669616424,367383,RANE (MADRAS) LTD.,Rane Group,RML
0.413866728,368661,SUTLEJ TEXTILES & INDS. LTD.,Birla K.K. Group,SUTLEJTEX
-1.12062193,368794,PEARL GLOBAL INDS. LTD.,Pearl Pet Group,PGIL
0.013826224,369440,SORIL INFRA RESOURCES LTD.,IndiaBulls Group,SORILINFRA
-0.07435632,369475,ACTION CONSTRUCTION EQUIPMENT LTD.,Private (Indian),ACE
0.195272215,369866,S P APPARELS LTD.,Private (Indian),SPAL
-4.352885268,369988,K E C INTERNATIONAL LTD.,RPG Enterprises Group,KEC
0.996079998,371572,KUANTUM PAPERS LTD.,Amrit Banaspati Group,KUANTUM
-0.621877877,371842,SREE RAYALASEEMA HI-STRENGTH HYPO LTD.,T G Venkatesh Group,SRHHYPOLTD
0.252676294,372042,GALLANTT ISPAT LTD.,Gallantt Group,GALLISPAT
-1.108522491,372072,ENDURANCE TECHNOLOGIES LTD.,Private (Indian),ENDURANCE
1.308631804,372076,TORRENT POWER LTD.,Torrent Group,TORNTPOWER
0.454678879,374851,LAURUS LABS LTD.,Private (Indian),LAURUSLABS
-1.479669293,375162,R P G LIFE SCIENCES LTD.,RPG Enterprises Group,RPGLIFE
-1.468019373,375365,MAAN ALUMINIUM LTD.,Private (Indian),MAANALU
-0.530845907,375676,SOMI CONVEYOR BELTINGS LTD.,Private (Indian),SOMICONVEY
-0.642760296,377445,LOTUS EYE HOSPITAL & INSTITUTE LTD.,Private (Indian),LOTUSEYE
-0.929326832,379145,AGARWAL INDUSTRIAL CORPN. LTD.,Private (Indian),AGARIND
-3.186052065,379558,MOLD-TEK PACKAGING LTD.,Mold-tek group,MOLDTKPAC
1.493432682,379682,ASIAN HOTELS (WEST) LTD.,Gupta Group,AHLWEST
-7.353988004,380540,SHEMAROO ENTERTAINMENT LTD.,Private (Indian),SHEMAROO
-0.313932331,384085,PARAG MILK FOODS LTD.,Private (Indian),PARAGMILK
-10.56711965,384616,P C JEWELLER LTD.,Private (Indian),PCJEWELLER
-0.963337874,385193,T C I EXPRESS LTD.,TCI-Bhoruka Group,TCIEXP
-0.978196959,385601,TUBE INVESTMENTS OF INDIA LTD.,Murugappa Chettiar Group,TIINDIA
0.357636538,385896,KRISHANA PHOSCHEM LTD.,Private (Indian),KRISHANA
0.340042787,386908,DILIP BUILDCON LTD.,Private (Indian),DBL
0.204817569,387591,V-MART RETAIL LTD.,Private (Indian),VMART
-2.944650093,387851,TRIBHOVANDAS BHIMJI ZAVERI LTD.,Private (Indian),TBZ
-7.231719173,390701,MONTE CARLO FASHIONS LTD.,Nahar Group,MONTECARLO
-2.478486851,393826,ALEMBIC PHARMACEUTICALS LTD.,Alembic Group,APLLTD
-5.916735646,394565,I F G L REFRACTORIES LTD.,Bajoria B.P./K.K. Group,IFGLEXPOR
-0.491474572,398556,H P L ELECTRIC & POWER LTD.,Private (Indian),HPL
0.426325254,399322,AGRO PHOS (INDIA) LTD.,Private (Indian),AGROPHOS
-1.555013038,399774,SALASAR TECHNO ENGG. LTD.,Private (Indian),SALASAR
-2.565127831,400962,KRIDHAN INFRA LTD.,Private (Indian),KRIDHANINF
0.487735456,406067,MAHESHWARI LOGISTICS LTD.,Private (Indian),MAHESHWARI
-7.304126557,409107,U F O MOVIEZ INDIA LTD.,Private (Indian),UFO
0.479473946,410701,H G INFRA ENGG. LTD.,Private (Indian),HGINFRA
0.162450965,410889,WORTH PERIPHERALS LTD.,Private (Indian),WORTH
-1.646393976,413847,INFIBEAM AVENUES LTD.,Private (Indian),INFIBEAM
0.337604412,414209,MANPASAND BEVERAGES LTD.,Private (Indian),MANPASAND
-0.324630988,416190,G T P L HATHWAY LTD.,Raheja Rajan Group,GTPL
-2.405592298,438281,APEX FROZEN FOODS LTD.,Private (Indian),APEX
-8.077561821,444974,M E P INFRASTRUCTURE DEVELOPERS LTD.,Private (Indian),MEP
0.240777859,449479,FUTURE LIFESTYLE FASHIONS LTD.,Future Group,FLFL
-3.50970021,457276,APOLLO MICRO SYSTEMS LTD.,Private (Indian),APOLLO
-0.42521112,459417,RAJSHREE POLYPACK LTD.,Private (Indian),RPPL
-0.406804661,465964,CAPACIT'E INFRAPROJECTS LTD.,Patel Group,CAPACITE
0.491499472,469754,GREENLAM INDUSTRIES LTD.,Private (Indian),GREENLAM
-8.165047195,475933,R K E C PROJECTS LTD.,Private (Indian),RKEC
-3.001775711,517534,HEC INFRA PROJECTS LTD.,Private (Indian),HECPROJECT
0.275879513,517843,PUDUMJEE PAPER PRODUCTS LTD.,Pudumjee (Jatia) Group,PDMJEPAPER
0.563412911,520493,MAGADH SUGAR & ENERGY LTD.,Birla K.K. Group,MAGADSUGAR
1.05207618,520494,AVADH SUGAR & ENERGY LTD.,Birla K.K. Group,AVADHSUGAR
0.575223847,523317,BIGBLOC CONSTRUCTION LTD.,Private (Indian),BIGBLOC
-0.271665206,531118,SHIVA MILLS LTD.,Bannari Amman Group,SHIVAMILLS
-7.787063283,549540,ICE MAKE REFRIGERATION LTD.,Private (Indian),ICEMAKE
-0.71102436,552417,ONE POINT ONE SOLUTIONS LTD.,Private (Indian),ONEPOINT
-9.858001052,553401,P S P PROJECTS LTD.,Private (Indian),PSPPROJECT
-0.0475583,553720,PRICOL LTD.,Private (Indian),PRICOLLTD
0.567615135,556991,ACCURACY SHIPPING LTD.,Private (Indian),ACCURACY
-7.787524387,561140,ORIENT ELECTRIC LTD.,Birla C.K. Group,ORIENTELEC
-17.37280697,566352,SHRENIK LTD.,Private (Indian),SHRENIK
-1.284225706,571292,MADHYA PRADESH TODAY MEDIA LTD.,Private (Indian),MPTODAY
-18.42929355,575190,ANI INTEGRATED SERVICES LTD.,Private (Indian),AISL
